passenger_group,PassengerId
0001,1
0002,1
0003,2
0004,1
0005,1
0006,2
0007,1
0008,3
0009,1
0010,1
0011,1
0012,1
0014,1
0015,1
0016,1
0017,2
0020,6
0022,1
0024,1
0025,1
0026,1
0028,1
0030,1
0031,3
0034,1
0035,1
0036,1
0038,1
0039,1
0041,1
0043,1
0044,3
0045,2
0050,1
0051,1
0052,1
0053,1
0056,3
0058,1
0061,1
0062,1
0064,2
0066,1
0067,3
0068,1
0069,1
0070,1
0071,1
0072,1
0073,1
0074,1
0076,1
0077,1
0078,1
0081,1
0082,3
0084,1
0085,1
0086,1
0088,1
0090,1
0091,2
0092,3
0097,1
0098,2
0099,2
0101,1
0102,1
0103,3
0105,1
0107,1
0108,3
0110,4
0111,1
0112,1
0113,1
0114,1
0115,1
0116,1
0119,2
0120,1
0122,1
0123,1
0126,1
0127,1
0128,2
0129,1
0133,2
0134,1
0136,1
0138,2
0139,1
0140,2
0141,1
0144,1
0146,1
0147,1
0148,1
0149,1
0151,1
0152,1
0160,1
0163,2
0164,2
0165,1
0167,2
0169,1
0170,1
0171,1
0172,1
0173,1
0174,1
0177,1
0178,1
0179,3
0181,1
0182,1
0183,1
0186,1
0188,1
0189,1
0190,1
0192,3
0193,3
0195,1
0196,1
0197,1
0198,1
0199,1
0200,1
0201,2
0202,2
0203,1
0205,1
0206,1
0207,1
0210,1
0211,3
0212,2
0213,1
0216,1
0217,1
0219,1
0220,7
0221,7
0222,3
0223,1
0224,1
0225,1
0229,1
0231,1
0232,1
0233,1
0234,1
0237,1
0239,1
0240,1
0241,1
0242,1
0243,1
0244,2
0245,2
0246,1
0248,1
0250,1
0251,1
0252,1
0253,1
0254,1
0255,1
0257,2
0258,1
0260,1
0261,1
0263,1
0265,1
0267,1
0269,1
0270,1
0275,1
0277,1
0278,2
0281,1
0282,1
0283,2
0285,2
0286,1
0287,2
0288,1
0289,1
0290,4
0291,1
0294,1
0297,1
0298,1
0301,1
0302,1
0303,1
0304,1
0305,1
0306,1
0307,1
0309,1
0310,1
0313,4
0314,1
0315,1
0316,2
0320,2
0321,1
0322,1
0324,1
0326,1
0327,1
0330,3
0331,1
0333,1
0334,1
0336,1
0337,3
0338,1
0340,1
0341,1
0343,1
0345,1
0346,1
0347,1
0348,2
0350,1
0352,1
0355,1
0356,1
0357,1
0358,2
0359,1
0360,1
0361,1
0365,1
0368,2
0369,1
0370,1
0371,1
0372,1
0373,1
0375,1
0376,1
0377,1
0378,7
0379,1
0380,1
0381,2
0382,1
0383,2
0384,2
0385,1
0387,1
0388,1
0389,1
0391,1
0392,1
0395,2
0396,1
0397,1
0398,1
0401,2
0402,1
0403,1
0405,1
0407,3
0408,1
0409,1
0410,1
0411,1
0412,1
0413,1
0415,1
0417,3
0423,1
0425,3
0427,1
0428,1
0429,2
0430,1
0431,1
0432,1
0433,2
0434,1
0435,1
0436,2
0437,2
0438,1
0439,1
0441,1
0442,1
0444,2
0445,2
0446,1
0447,1
0448,2
0449,1
0452,1
0453,3
0454,3
0456,1
0457,3
0458,1
0459,1
0460,1
0461,3
0462,1
0463,2
0465,2
0466,1
0468,1
0470,2
0471,2
0472,1
0474,1
0475,1
0476,3
0477,1
0480,1
0481,1
0482,2
0485,1
0487,1
0488,1
0490,1
0498,2
0499,2
0500,1
0501,1
0502,1
0503,3
0504,6
0506,1
0507,1
0510,1
0512,2
0513,1
0515,1
0516,1
0517,1
0518,1
0519,1
0520,1
0521,1
0522,1
0523,1
0525,1
0527,2
0528,1
0529,1
0531,2
0533,1
0534,2
0537,1
0538,1
0539,5
0540,2
0542,1
0545,1
0546,1
0547,1
0548,1
0549,2
0550,1
0551,1
0552,1
0553,2
0555,2
0556,1
0559,1
0560,3
0561,1
0563,1
0564,3
0565,1
0566,1
0567,1
0568,2
0569,1
0570,1
0571,7
0572,1
0573,1
0575,1
0576,1
0577,1
0579,2
0580,1
0581,1
0582,1
0583,3
0585,3
0586,1
0587,1
0588,1
0589,1
0590,1
0591,1
0593,1
0594,2
0596,1
0597,2
0598,1
0599,4
0600,1
0602,3
0603,1
0607,3
0608,1
0609,1
0610,1
0611,1
0612,1
0614,1
0615,3
0618,2
0619,2
0623,1
0628,1
0629,1
0630,1
0631,1
0633,1
0634,1
0635,2
0636,2
0637,1
0638,1
0639,1
0641,1
0642,5
0643,1
0644,1
0645,1
0646,1
0647,3
0650,1
0653,1
0655,1
0656,1
0657,2
0658,1
0659,1
0660,1
0661,1
0663,1
0664,1
0665,2
0668,1
0669,1
0671,1
0672,1
0674,1
0677,1
0678,1
0679,1
0680,3
0682,1
0683,1
0684,3
0685,1
0686,2
0687,1
0688,1
0689,1
0690,1
0691,3
0693,2
0696,1
0697,1
0699,2
0701,1
0702,1
0703,1
0704,1
0705,1
0707,1
0709,3
0710,1
0712,2
0713,1
0714,7
0715,1
0718,1
0719,1
0724,1
0726,1
0727,1
0728,1
0729,1
0732,1
0733,1
0734,1
0736,1
0737,1
0738,1
0740,3
0743,1
0746,1
0750,1
0753,3
0754,1
0756,3
0757,1
0761,1
0762,1
0764,1
0765,2
0767,1
0768,2
0769,1
0770,6
0771,1
0772,4
0773,1
0776,1
0777,1
0779,1
0781,1
0782,1
0784,1
0785,1
0786,1
0787,1
0788,1
0789,3
0790,1
0791,1
0793,1
0794,2
0795,1
0796,1
0797,1
0798,1
0799,1
0802,1
0805,1
0806,2
0808,1
0809,4
0811,3
0813,1
0815,1
0816,1
0817,1
0818,1
0819,1
0820,2
0822,1
0823,2
0824,1
0825,1
0826,1
0828,2
0829,1
0830,1
0833,1
0834,1
0835,1
0836,1
0839,1
0840,1
0845,1
0846,1
0848,2
0849,2
0850,1
0851,1
0853,1
0859,1
0860,1
0863,3
0865,2
0867,1
0868,1
0869,1
0870,1
0871,1
0873,1
0874,1
0875,1
0876,1
0877,1
0878,1
0879,1
0881,1
0883,1
0885,2
0889,2
0890,1
0893,1
0898,1
0899,2
0901,1
0902,1
0903,1
0904,1
0905,1
0906,1
0907,2
0910,1
0911,2
0912,1
0913,1
0915,1
0918,1
0919,1
0921,1
0922,2
0923,2
0924,1
0925,3
0926,2
0927,1
0928,1
0930,2
0931,1
0932,1
0933,2
0935,1
0938,3
0939,1
0940,1
0941,1
0942,1
0944,2
0946,1
0947,1
0949,1
0951,1
0952,1
0953,1
0955,1
0956,1
0957,1
0960,1
0961,1
0964,2
0965,1
0966,1
0968,1
0969,1
0970,1
0971,1
0972,1
0975,1
0976,1
0978,1
0979,1
0982,2
0983,1
0984,8
0985,1
0987,1
0988,2
0989,1
0990,1
0991,1
0992,6
0993,1
0994,2
0995,1
0997,1
0998,1
1000,1
1001,1
1002,3
1004,1
1005,1
1006,3
1008,2
1011,2
1012,1
1013,1
1014,1
1015,1
1017,1
1018,1
1019,1
1020,1
1022,1
1024,4
1025,1
1026,1
1027,4
1029,1
1030,1
1031,1
1032,1
1033,1
1034,1
1035,1
1036,1
1038,1
1040,1
1041,1
1043,1
1045,2
1046,1
1047,1
1048,1
1049,2
1051,1
1052,1
1053,1
1054,1
1056,2
1057,1
1058,1
1060,1
1062,1
1063,2
1065,1
1066,1
1068,1
1071,1
1075,2
1076,1
1077,1
1078,1
1079,1
1080,1
1082,1
1083,3
1084,1
1085,1
1086,5
1088,1
1089,2
1091,1
1093,1
1094,1
1095,1
1096,1
1097,1
1099,1
1100,4
1102,1
1105,1
1108,2
1110,2
1112,1
1113,1
1114,2
1115,1
1116,3
1117,1
1121,1
1123,1
1127,1
1129,1
1130,2
1132,1
1133,1
1134,1
1136,1
1140,3
1141,1
1142,1
1144,3
1146,1
1147,1
1148,7
1149,5
1150,1
1152,1
1153,1
1154,3
1155,2
1156,2
1161,2
1162,1
1163,1
1165,4
1166,1
1167,1
1168,1
1169,1
1170,1
1173,1
1174,1
1175,1
1177,1
1178,1
1179,1
1180,1
1182,3
1185,1
1186,5
1187,3
1188,1
1190,1
1191,1
1192,1
1193,2
1195,1
1197,1
1198,1
1199,1
1203,1
1206,1
1208,1
1210,2
1211,7
1212,1
1213,1
1214,1
1215,1
1216,1
1218,1
1220,1
1221,2
1222,1
1223,1
1225,1
1228,2
1229,1
1230,1
1231,1
1232,2
1233,1
1234,1
1235,1
1236,1
1238,2
1239,1
1240,1
1242,1
1243,2
1246,1
1248,1
1250,1
1254,2
1255,2
1256,1
1258,1
1259,1
1260,1
1261,1
1263,1
1264,1
1267,1
1269,1
1271,1
1273,1
1274,1
1278,1
1279,1
1280,1
1281,1
1282,1
1283,1
1284,1
1285,1
1286,1
1287,3
1288,1
1289,2
1291,1
1292,2
1293,1
1294,3
1295,1
1299,1
1300,1
1302,1
1304,6
1306,2
1307,1
1308,4
1309,1
1310,1
1311,3
1312,1
1316,2
1317,1
1322,1
1323,1
1324,3
1325,3
1326,2
1328,1
1330,2
1331,1
1332,1
1333,1
1335,1
1336,1
1337,1
1340,1
1342,1
1345,1
1347,1
1348,2
1350,4
1351,1
1352,1
1353,4
1355,1
1356,1
1357,1
1360,1
1362,1
1365,2
1366,1
1368,1
1370,1
1371,1
1375,2
1376,1
1377,1
1378,2
1379,1
1380,1
1381,1
1382,1
1383,1
1384,5
1385,1
1386,1
1387,1
1389,1
1390,1
1391,3
1393,2
1395,1
1397,1
1398,1
1399,1
1400,1
1401,1
1402,2
1403,1
1404,2
1406,1
1407,2
1408,1
1410,1
1412,1
1413,1
1414,1
1415,1
1416,1
1417,1
1419,1
1420,1
1421,2
1423,3
1424,5
1425,3
1426,1
1427,2
1428,1
1430,1
1431,1
1433,1
1434,3
1435,1
1438,1
1439,2
1440,1
1442,1
1443,1
1444,1
1445,1
1447,1
1450,2
1451,2
1452,5
1453,2
1454,1
1455,5
1457,1
1458,1
1460,2
1461,1
1462,1
1463,1
1465,1
1467,1
1474,1
1478,2
1479,1
1481,1
1484,1
1485,1
1488,1
1489,1
1490,1
1491,3
1493,1
1498,1
1499,1
1500,7
1501,1
1503,2
1506,1
1507,4
1509,1
1510,1
1511,4
1515,1
1520,1
1521,1
1523,2
1524,1
1525,1
1526,1
1527,2
1528,1
1529,2
1531,1
1532,1
1533,1
1536,1
1539,1
1540,3
1541,1
1542,1
1543,1
1544,1
1545,1
1547,1
1548,2
1550,2
1551,1
1552,1
1555,1
1558,1
1560,1
1561,1
1562,1
1564,1
1565,1
1567,1
1568,2
1569,1
1572,2
1573,1
1576,1
1577,1
1578,1
1579,1
1580,2
1581,2
1584,2
1585,1
1588,2
1590,2
1592,2
1593,1
1594,1
1595,1
1596,1
1597,1
1599,2
1601,1
1602,1
1603,3
1604,1
1606,1
1608,1
1611,1
1612,2
1613,1
1614,1
1615,3
1617,1
1619,1
1621,2
1622,1
1624,3
1625,2
1626,1
1628,1
1630,3
1631,1
1632,1
1633,2
1634,1
1635,1
1636,1
1637,1
1638,1
1640,1
1644,1
1645,1
1646,1
1647,1
1649,1
1650,1
1651,3
1653,1
1655,2
1656,1
1657,1
1658,1
1659,1
1660,1
1661,4
1662,1
1663,1
1666,1
1668,1
1669,3
1670,2
1671,1
1672,1
1673,1
1674,1
1676,1
1677,1
1681,1
1682,1
1685,3
1687,1
1688,3
1690,1
1691,1
1694,1
1695,1
1696,1
1697,1
1698,1
1699,1
1700,2
1704,2
1705,1
1708,1
1709,7
1710,1
1711,1
1712,2
1713,1
1714,1
1715,1
1717,2
1718,1
1719,1
1721,1
1723,1
1724,1
1725,1
1727,2
1728,1
1729,1
1730,1
1731,2
1733,1
1734,1
1736,1
1738,2
1739,1
1740,1
1742,1
1745,1
1746,1
1747,1
1748,3
1749,1
1752,1
1753,1
1755,1
1757,1
1758,1
1760,1
1761,1
1762,2
1763,1
1764,2
1766,1
1767,4
1768,1
1769,1
1770,1
1771,1
1772,1
1774,1
1775,1
1776,1
1778,1
1779,1
1781,1
1782,2
1783,2
1785,1
1786,1
1792,1
1796,1
1797,1
1798,1
1799,1
1800,5
1802,1
1803,1
1804,1
1805,1
1806,1
1807,1
1808,1
1810,1
1811,2
1812,1
1813,1
1816,2
1817,1
1818,1
1821,1
1822,1
1823,1
1826,1
1827,1
1828,1
1829,6
1831,1
1833,1
1834,1
1836,1
1841,1
1843,1
1844,3
1846,1
1847,1
1848,1
1849,1
1850,2
1853,1
1854,1
1855,2
1856,1
1857,1
1859,1
1860,2
1861,2
1863,1
1864,1
1865,6
1866,1
1868,1
1871,1
1872,1
1873,1
1874,2
1877,1
1878,1
1879,1
1880,1
1881,1
1882,2
1884,1
1886,1
1887,1
1888,1
1889,2
1890,1
1891,1
1892,3
1897,2
1898,1
1899,1
1901,2
1902,1
1903,1
1905,1
1906,1
1907,1
1908,1
1911,1
1915,1
1916,2
1918,3
1920,1
1922,1
1923,2
1925,1
1926,1
1927,1
1928,1
1931,1
1933,1
1935,1
1937,1
1938,1
1939,2
1940,1
1941,1
1942,1
1945,1
1946,1
1947,1
1950,1
1952,1
1953,1
1956,2
1957,1
1959,3
1960,2
1961,1
1962,3
1963,1
1964,1
1967,1
1968,1
1969,1
1971,1
1973,1
1974,1
1975,1
1976,7
1977,1
1978,1
1979,1
1980,3
1981,1
1983,1
1984,1
1985,1
1988,1
1991,2
1992,1
1993,1
1994,1
1995,1
1996,1
1997,1
1999,1
2000,1
2001,1
2003,1
2006,3
2007,1
2009,3
2010,1
2011,1
2012,1
2013,1
2015,1
2019,2
2022,1
2024,2
2026,3
2027,1
2028,1
2029,1
2032,1
2034,1
2038,1
2040,2
2041,1
2042,1
2043,1
2044,1
2045,1
2046,1
2051,1
2052,1
2053,1
2054,1
2055,6
2056,4
2059,1
2060,1
2061,1
2062,1
2063,1
2065,1
2066,1
2067,2
2070,1
2071,2
2073,1
2074,2
2075,1
2080,1
2081,1
2082,1
2083,1
2084,2
2085,1
2086,2
2087,1
2088,2
2089,1
2090,1
2091,1
2092,5
2094,1
2095,1
2096,2
2097,1
2099,1
2100,1
2102,1
2104,2
2105,1
2106,1
2107,1
2110,1
2111,1
2112,1
2114,1
2115,1
2116,1
2117,1
2118,1
2120,1
2121,1
2123,2
2124,1
2125,1
2126,1
2127,1
2128,1
2129,1
2130,1
2131,1
2133,2
2134,1
2135,2
2136,1
2137,3
2138,1
2139,1
2140,1
2141,1
2142,1
2143,2
2144,1
2145,1
2147,1
2148,1
2149,1
2150,1
2152,1
2153,1
2154,1
2156,1
2158,1
2159,1
2161,1
2162,2
2163,1
2164,1
2167,1
2168,2
2171,2
2172,1
2173,1
2175,1
2177,1
2179,1
2180,1
2182,1
2183,2
2186,1
2187,1
2188,1
2189,1
2190,1
2191,1
2193,1
2194,1
2195,1
2196,4
2198,1
2200,1
2201,1
2202,1
2203,1
2204,1
2205,1
2206,1
2207,1
2209,1
2210,1
2211,1
2212,1
2215,4
2219,1
2220,1
2221,1
2223,1
2224,1
2225,1
2228,1
2229,1
2231,1
2232,2
2233,1
2234,7
2235,1
2237,2
2238,1
2239,1
2241,1
2243,1
2251,2
2252,1
2253,1
2254,1
2255,2
2256,1
2257,2
2258,1
2261,1
2262,1
2263,1
2264,1
2266,1
2267,1
2268,1
2269,1
2270,1
2272,3
2273,1
2274,2
2275,1
2277,1
2278,1
2279,1
2280,1
2281,1
2282,1
2284,1
2287,1
2288,1
2289,1
2291,3
2295,2
2296,1
2298,1
2299,1
2300,2
2301,3
2302,1
2303,1
2305,1
2306,6
2308,4
2309,1
2310,4
2311,1
2312,1
2313,1
2314,1
2315,1
2316,1
2317,1
2318,1
2319,1
2320,1
2321,1
2325,1
2327,1
2329,1
2332,1
2333,1
2336,2
2338,2
2339,1
2340,1
2341,1
2345,1
2347,7
2348,1
2349,1
2353,2
2356,3
2357,1
2360,1
2361,2
2363,1
2364,1
2365,1
2366,1
2367,1
2368,1
2369,1
2373,1
2374,1
2375,1
2376,1
2377,1
2379,1
2382,1
2384,7
2385,1
2387,1
2389,1
2390,1
2391,1
2392,1
2395,1
2396,2
2397,1
2398,1
2399,1
2401,1
2402,1
2403,1
2404,4
2406,1
2409,2
2410,1
2411,1
2412,1
2413,1
2414,1
2416,1
2417,1
2419,1
2421,1
2423,1
2424,1
2426,2
2427,1
2429,1
2431,1
2432,1
2433,1
2435,1
2436,1
2438,1
2439,1
2441,1
2442,1
2443,1
2444,1
2445,1
2446,1
2449,3
2451,1
2452,1
2453,1
2454,1
2455,1
2456,1
2457,1
2458,1
2460,1
2461,1
2462,1
2463,1
2466,1
2467,1
2470,2
2471,1
2472,1
2474,1
2475,1
2476,1
2477,2
2478,1
2479,1
2480,1
2483,1
2486,2
2488,1
2489,1
2491,1
2492,1
2496,1
2497,1
2498,1
2499,1
2500,1
2502,1
2503,2
2505,2
2506,3
2508,2
2509,1
2510,1
2512,2
2513,1
2515,2
2516,1
2518,2
2519,1
2520,1
2521,1
2522,1
2523,1
2524,1
2526,1
2527,1
2528,1
2530,1
2531,1
2532,2
2534,2
2535,1
2537,1
2540,1
2541,1
2542,1
2544,2
2545,1
2546,1
2547,2
2548,1
2549,3
2550,1
2551,1
2552,3
2553,1
2555,2
2557,1
2558,4
2559,1
2560,3
2561,1
2562,2
2564,1
2565,2
2571,1
2572,2
2573,1
2574,1
2578,1
2580,1
2581,2
2582,1
2584,1
2588,1
2589,5
2590,3
2591,2
2592,2
2593,1
2594,1
2595,4
2596,2
2597,2
2598,1
2599,1
2601,1
2602,3
2605,1
2606,2
2607,4
2609,1
2616,1
2617,1
2618,1
2619,1
2622,1
2624,1
2625,2
2626,1
2627,1
2628,2
2629,1
2631,1
2633,1
2634,1
2635,1
2636,1
2638,1
2640,1
2641,1
2642,1
2643,1
2645,5
2646,1
2647,1
2648,1
2649,1
2650,1
2651,1
2652,1
2655,1
2657,1
2658,1
2659,1
2660,1
2661,2
2662,1
2663,1
2664,1
2666,2
2668,2
2670,1
2671,1
2672,1
2675,1
2676,1
2677,1
2678,1
2679,1
2682,1
2683,1
2684,1
2685,1
2687,1
2688,1
2690,1
2691,1
2692,1
2693,4
2695,1
2697,1
2698,1
2700,1
2701,1
2702,1
2703,1
2704,1
2706,1
2707,2
2708,1
2709,4
2712,1
2713,1
2714,1
2717,1
2718,1
2720,3
2721,1
2722,1
2723,2
2724,2
2725,1
2726,1
2727,1
2729,1
2730,3
2732,2
2734,1
2736,1
2737,2
2738,1
2739,1
2740,1
2741,1
2743,1
2745,1
2746,1
2747,1
2748,1
2750,1
2751,1
2752,3
2753,1
2754,1
2755,1
2756,1
2758,1
2759,1
2760,3
2762,2
2763,1
2764,1
2765,1
2768,3
2769,1
2770,1
2772,1
2773,1
2774,3
2778,2
2780,1
2781,1
2783,2
2784,1
2785,1
2786,1
2787,1
2788,1
2789,1
2790,5
2792,1
2793,1
2795,2
2796,1
2797,1
2798,2
2799,2
2801,1
2802,1
2805,1
2806,1
2807,3
2809,1
2810,1
2811,1
2812,1
2813,1
2814,1
2817,1
2818,3
2819,1
2820,1
2821,1
2822,5
2823,1
2824,1
2825,1
2826,2
2831,2
2832,1
2834,1
2835,1
2837,1
2838,1
2839,1
2840,1
2843,1
2846,1
2847,1
2852,1
2853,1
2854,1
2856,1
2857,1
2858,3
2859,1
2860,1
2861,1
2862,1
2863,1
2865,2
2866,1
2867,2
2869,1
2870,1
2871,2
2872,1
2873,1
2875,1
2876,1
2877,1
2878,1
2880,1
2881,1
2882,1
2883,1
2884,1
2887,1
2888,1
2890,2
2891,1
2892,5
2893,1
2894,1
2897,1
2899,1
2900,1
2901,2
2902,1
2905,1
2906,1
2907,1
2908,2
2909,1
2910,1
2912,1
2913,1
2919,3
2920,1
2925,2
2926,1
2927,1
2928,3
2929,1
2930,1
2934,1
2935,1
2936,1
2938,1
2940,1
2941,1
2942,1
2943,1
2944,4
2945,1
2948,1
2949,1
2950,1
2953,1
2954,1
2956,1
2958,1
2959,1
2960,1
2961,1
2962,1
2964,1
2965,1
2966,1
2968,1
2969,1
2970,1
2971,1
2972,1
2975,1
2979,1
2982,1
2983,1
2984,1
2986,1
2988,1
2990,1
2992,1
2993,1
2994,1
2995,2
2996,1
2998,1
3000,1
3001,2
3003,1
3004,2
3005,1
3006,1
3009,1
3010,1
3012,1
3013,1
3014,1
3015,1
3018,1
3019,1
3020,1
3021,2
3022,2
3023,1
3024,1
3025,2
3026,1
3027,1
3029,2
3030,2
3032,4
3033,1
3034,1
3036,1
3038,1
3039,1
3040,1
3042,1
3044,1
3045,1
3047,2
3048,1
3050,1
3053,1
3054,1
3055,1
3060,3
3061,2
3062,1
3063,3
3064,1
3065,1
3066,1
3067,1
3068,1
3070,1
3071,2
3073,1
3076,1
3079,1
3080,1
3081,2
3082,1
3083,1
3084,1
3085,1
3087,1
3088,1
3090,1
3091,2
3092,1
3093,1
3095,1
3096,1
3099,1
3100,3
3102,1
3103,1
3104,2
3110,1
3111,1
3112,1
3113,2
3114,1
3116,1
3117,1
3118,1
3119,1
3120,2
3121,1
3123,1
3124,3
3126,2
3128,1
3130,1
3131,3
3132,1
3133,1
3134,1
3136,1
3138,1
3140,1
3142,2
3143,1
3145,1
3147,1
3149,2
3152,1
3158,1
3159,1
3161,1
3162,3
3163,2
3164,1
3166,1
3168,1
3169,1
3171,1
3172,1
3174,2
3175,1
3176,1
3179,1
3180,1
3181,1
3182,1
3184,2
3185,1
3188,1
3189,2
3191,1
3192,1
3193,1
3195,6
3196,1
3197,1
3200,1
3201,1
3203,1
3204,3
3205,1
3206,1
3209,1
3210,3
3211,3
3212,1
3213,1
3215,1
3216,3
3217,1
3218,3
3219,1
3220,1
3221,1
3223,1
3224,1
3225,2
3227,1
3229,1
3230,1
3232,1
3235,1
3236,3
3237,3
3238,1
3239,1
3240,1
3241,1
3243,1
3247,1
3248,1
3252,1
3253,1
3254,1
3255,1
3256,1
3258,1
3259,1
3260,1
3262,1
3268,1
3269,1
3270,1
3271,2
3272,2
3273,1
3274,3
3275,1
3276,1
3279,4
3280,2
3282,3
3283,4
3284,2
3287,3
3289,1
3292,5
3293,1
3294,2
3295,1
3296,1
3297,1
3298,1
3299,1
3300,2
3301,4
3304,1
3305,2
3308,1
3309,1
3310,1
3311,1
3312,1
3313,1
3314,1
3315,1
3317,1
3318,5
3319,1
3322,1
3323,2
3324,2
3325,1
3326,1
3327,1
3328,1
3329,1
3330,1
3331,1
3332,3
3336,1
3337,3
3338,1
3339,1
3342,1
3343,1
3348,1
3349,1
3350,1
3352,1
3353,6
3357,1
3359,1
3360,1
3361,4
3363,3
3364,1
3365,1
3370,1
3371,1
3372,1
3377,1
3380,1
3381,1
3382,2
3383,1
3384,3
3386,1
3387,1
3389,1
3390,1
3391,2
3392,4
3394,1
3395,1
3396,1
3397,1
3401,1
3402,1
3403,1
3404,1
3405,3
3406,2
3408,1
3409,1
3410,1
3412,3
3413,1
3415,1
3417,1
3418,1
3419,1
3420,1
3421,1
3422,2
3423,1
3424,1
3425,1
3426,1
3428,2
3430,1
3431,1
3432,1
3433,1
3434,1
3437,2
3438,2
3439,4
3440,1
3441,1
3442,1
3443,1
3444,4
3445,1
3446,1
3447,1
3449,1
3450,2
3453,1
3454,1
3455,1
3456,1
3458,1
3459,1
3461,1
3462,1
3464,2
3465,1
3467,1
3468,1
3469,1
3470,2
3473,1
3474,4
3475,3
3476,4
3478,1
3480,1
3483,1
3484,2
3485,3
3486,1
3487,1
3488,2
3489,2
3490,2
3491,1
3492,1
3495,4
3496,2
3497,1
3499,4
3501,1
3504,1
3506,1
3511,1
3512,1
3514,1
3515,2
3518,1
3519,3
3520,2
3521,2
3523,1
3525,1
3527,1
3528,1
3530,1
3531,2
3533,1
3534,1
3535,2
3536,1
3537,1
3539,1
3540,1
3542,1
3543,3
3546,1
3547,1
3548,1
3550,3
3552,2
3553,1
3555,1
3556,1
3558,2
3559,1
3560,1
3561,2
3562,2
3563,1
3564,1
3565,1
3566,1
3567,1
3568,1
3569,1
3570,1
3572,1
3573,1
3576,1
3577,1
3578,1
3579,1
3582,1
3584,1
3586,1
3588,2
3591,1
3592,2
3594,1
3595,1
3596,1
3597,1
3598,1
3600,1
3602,1
3605,1
3606,1
3607,1
3608,3
3609,4
3610,2
3612,1
3613,1
3614,1
3615,2
3616,1
3619,1
3620,1
3622,2
3624,1
3625,1
3626,1
3628,1
3629,1
3630,1
3631,1
3634,1
3636,1
3639,1
3640,2
3641,3
3642,1
3644,1
3645,5
3647,1
3648,1
3650,1
3652,1
3653,1
3654,2
3655,1
3658,2
3660,1
3662,2
3664,1
3665,1
3667,1
3668,1
3671,1
3674,1
3677,1
3678,1
3679,1
3680,2
3681,2
3682,1
3686,1
3688,3
3690,1
3691,1
3692,1
3693,1
3699,4
3700,1
3702,1
3703,2
3704,1
3705,1
3706,2
3707,2
3708,1
3710,3
3711,3
3713,3
3714,2
3715,4
3716,1
3719,2
3724,1
3726,1
3728,1
3729,1
3732,4
3733,1
3734,1
3735,2
3736,1
3737,2
3739,1
3741,1
3742,2
3743,1
3744,1
3745,1
3747,4
3748,1
3749,2
3750,2
3751,1
3752,1
3753,1
3754,1
3755,2
3756,1
3757,1
3758,2
3759,1
3760,1
3761,1
3765,1
3767,1
3768,1
3769,1
3770,1
3771,1
3772,2
3773,3
3774,3
3775,2
3776,1
3777,1
3778,1
3779,1
3781,1
3783,1
3784,1
3785,1
3786,2
3787,3
3788,1
3789,1
3790,1
3793,1
3795,1
3796,1
3797,1
3798,1
3801,1
3803,1
3804,1
3805,1
3807,1
3810,1
3811,2
3812,1
3814,1
3815,1
3816,1
3817,1
3818,1
3820,1
3821,1
3822,1
3823,1
3824,1
3826,1
3830,1
3831,1
3832,1
3835,1
3836,1
3838,1
3839,1
3841,1
3842,1
3846,1
3847,1
3848,1
3849,1
3850,7
3851,1
3852,1
3853,1
3854,1
3856,1
3857,1
3862,7
3864,1
3866,1
3867,1
3868,7
3870,1
3871,1
3872,1
3873,1
3874,2
3875,1
3879,1
3883,3
3886,1
3888,1
3890,1
3894,1
3895,3
3896,1
3897,1
3898,1
3899,1
3903,6
3904,1
3907,1
3909,1
3911,3
3912,1
3913,2
3915,1
3916,2
3917,1
3919,1
3921,1
3922,1
3923,3
3924,1
3926,1
3927,2
3928,2
3930,1
3931,1
3932,2
3933,1
3935,1
3936,1
3937,1
3938,3
3939,1
3940,1
3941,1
3942,1
3944,1
3945,1
3946,1
3948,1
3949,1
3950,1
3952,1
3954,1
3955,1
3958,1
3959,3
3960,1
3961,1
3962,2
3963,1
3964,1
3966,3
3967,1
3968,1
3970,1
3971,1
3973,1
3974,2
3976,1
3977,1
3980,1
3981,1
3984,1
3985,1
3986,2
3987,1
3988,1
3991,1
3992,1
3994,1
3995,6
3996,1
3997,1
3998,1
3999,1
4000,3
4001,7
4002,1
4003,1
4005,8
4006,5
4008,1
4009,1
4010,1
4013,1
4014,2
4016,1
4017,5
4018,1
4019,1
4020,1
4021,1
4022,1
4023,1
4026,1
4027,1
4030,5
4031,2
4032,1
4033,1
4034,1
4035,1
4036,1
4037,1
4038,1
4039,1
4040,1
4042,3
4043,1
4044,3
4045,1
4046,1
4047,1
4049,1
4050,1
4053,1
4055,1
4058,1
4060,1
4061,3
4063,1
4064,1
4065,1
4066,2
4068,1
4069,1
4071,2
4072,1
4075,1
4076,1
4078,1
4079,1
4080,1
4081,1
4082,1
4083,1
4084,1
4089,1
4090,1
4091,1
4093,1
4095,1
4096,1
4097,1
4098,1
4099,1
4101,1
4102,1
4103,1
4104,1
4106,1
4107,1
4108,2
4109,1
4110,1
4112,1
4113,2
4114,1
4115,1
4116,1
4120,1
4125,1
4127,1
4128,3
4129,1
4130,1
4131,1
4132,1
4134,1
4135,1
4137,1
4140,1
4141,1
4142,1
4143,1
4144,1
4145,1
4147,2
4149,1
4150,1
4151,1
4152,1
4154,1
4156,1
4158,1
4159,1
4160,1
4163,1
4165,1
4166,2
4167,1
4168,2
4169,2
4170,1
4171,1
4172,7
4173,1
4174,1
4175,1
4176,7
4177,3
4178,1
4179,2
4181,6
4182,3
4183,1
4184,1
4185,1
4186,1
4188,1
4189,1
4191,1
4194,1
4196,1
4197,3
4199,1
4203,1
4204,3
4205,1
4206,1
4207,2
4208,1
4210,2
4211,1
4212,1
4213,1
4214,1
4215,1
4216,2
4218,2
4219,3
4220,1
4221,1
4222,2
4223,2
4225,1
4229,1
4230,1
4231,1
4232,1
4233,1
4237,1
4238,1
4239,1
4240,1
4242,1
4243,1
4244,1
4245,1
4246,1
4249,3
4251,1
4252,1
4253,1
4254,3
4255,1
4256,8
4257,1
4258,3
4259,1
4260,1
4261,1
4262,2
4264,1
4266,1
4267,2
4270,1
4271,1
4272,1
4273,1
4274,1
4278,1
4280,1
4289,1
4291,1
4292,1
4293,1
4294,1
4295,2
4296,1
4297,1
4300,1
4301,1
4302,1
4303,2
4305,3
4306,1
4309,2
4311,1
4312,1
4315,2
4316,1
4317,1
4318,1
4319,1
4320,1
4324,4
4327,1
4329,1
4330,1
4332,1
4333,1
4334,1
4335,1
4336,4
4337,1
4338,3
4339,1
4340,1
4343,1
4344,1
4345,1
4346,1
4347,1
4348,1
4349,1
4350,2
4351,1
4352,2
4354,1
4356,1
4357,1
4358,1
4359,3
4360,1
4361,1
4362,1
4364,1
4365,1
4366,1
4367,1
4368,1
4369,1
4370,1
4371,5
4372,2
4373,1
4376,1
4382,1
4383,1
4386,2
4387,1
4388,1
4390,3
4391,1
4392,1
4393,2
4395,1
4396,1
4397,1
4399,1
4400,3
4401,2
4402,1
4403,2
4404,1
4405,1
4407,1
4408,1
4409,1
4410,1
4411,1
4413,1
4415,1
4416,1
4422,2
4424,1
4426,1
4427,2
4428,1
4429,1
4430,1
4431,1
4432,1
4433,1
4436,1
4437,1
4438,1
4440,1
4441,3
4444,1
4445,1
4446,5
4447,1
4448,1
4449,1
4450,4
4451,1
4452,1
4453,1
4456,1
4457,1
4459,1
4461,1
4462,1
4463,2
4464,1
4465,3
4466,1
4467,1
4469,2
4470,1
4472,2
4473,2
4474,3
4475,2
4476,1
4477,1
4479,1
4482,5
4483,2
4485,2
4486,1
4487,1
4490,1
4491,1
4492,1
4493,1
4494,1
4496,1
4497,1
4498,8
4500,1
4501,1
4502,1
4505,2
4506,1
4508,3
4509,3
4510,1
4511,2
4512,1
4514,1
4515,2
4516,1
4517,1
4518,1
4521,1
4522,1
4524,1
4529,1
4530,1
4531,1
4532,1
4533,1
4534,1
4535,2
4537,1
4538,1
4539,2
4542,2
4543,1
4544,1
4546,1
4547,1
4549,1
4550,1
4552,1
4553,1
4555,1
4557,1
4558,1
4559,1
4560,1
4561,1
4562,1
4563,1
4564,1
4565,1
4567,1
4568,1
4569,2
4570,1
4571,1
4572,1
4573,1
4574,1
4575,1
4576,1
4577,1
4580,1
4581,2
4585,1
4586,1
4587,1
4591,1
4592,4
4593,1
4594,4
4595,1
4596,1
4597,1
4602,1
4603,2
4604,1
4605,1
4606,2
4607,1
4608,1
4609,1
4610,1
4611,1
4612,1
4613,1
4615,1
4617,1
4620,1
4621,1
4622,1
4623,1
4624,1
4625,7
4628,1
4630,1
4631,1
4632,5
4633,1
4634,1
4635,1
4637,1
4638,1
4640,1
4641,1
4642,1
4643,1
4644,1
4645,2
4646,1
4648,1
4649,1
4650,1
4651,1
4652,1
4653,1
4654,1
4655,2
4656,2
4657,1
4658,2
4659,1
4661,7
4662,3
4663,6
4664,1
4665,1
4667,1
4668,2
4672,1
4673,1
4676,1
4677,1
4678,1
4679,1
4680,4
4684,1
4686,1
4689,1
4690,2
4691,1
4693,2
4694,1
4695,3
4696,1
4699,1
4704,1
4706,2
4708,1
4709,1
4710,2
4711,1
4712,1
4713,1
4714,1
4717,1
4719,1
4720,1
4721,1
4723,2
4725,1
4726,5
4728,2
4730,1
4732,3
4733,1
4738,2
4739,1
4741,3
4743,1
4744,2
4746,1
4748,1
4750,2
4752,1
4753,1
4754,1
4755,1
4756,2
4757,1
4758,1
4759,1
4762,1
4763,1
4764,1
4769,1
4770,2
4772,1
4773,1
4774,4
4775,1
4777,1
4778,1
4780,2
4782,5
4783,1
4784,1
4785,1
4786,1
4787,1
4788,1
4790,1
4791,1
4792,1
4793,2
4794,1
4795,1
4796,2
4797,1
4798,3
4801,1
4803,1
4804,3
4807,1
4808,1
4810,1
4813,1
4814,1
4815,1
4817,1
4818,1
4819,1
4822,4
4823,1
4827,1
4828,1
4829,1
4830,1
4831,1
4832,1
4836,2
4837,1
4838,1
4840,1
4841,3
4842,1
4845,1
4846,2
4847,1
4848,1
4850,2
4851,1
4853,1
4856,1
4857,1
4862,1
4863,1
4864,1
4866,1
4868,1
4870,1
4871,1
4873,1
4874,2
4875,1
4876,1
4878,1
4879,1
4880,1
4881,1
4882,1
4883,1
4884,1
4885,1
4886,1
4887,1
4888,1
4889,1
4890,2
4891,2
4892,1
4893,1
4895,1
4896,1
4897,1
4898,1
4899,2
4900,1
4901,2
4902,1
4903,1
4904,1
4909,1
4910,1
4911,1
4912,2
4913,1
4915,1
4916,1
4917,1
4918,1
4920,1
4923,3
4924,1
4925,1
4927,4
4929,1
4930,2
4932,2
4933,4
4934,1
4937,1
4938,1
4939,1
4940,1
4941,1
4942,2
4943,1
4944,3
4945,1
4946,1
4950,1
4951,1
4952,1
4954,1
4956,1
4958,1
4961,1
4963,1
4964,1
4965,1
4970,1
4972,1
4973,2
4974,2
4975,3
4977,2
4978,1
4979,1
4980,3
4981,3
4983,1
4987,1
4989,1
4990,1
4991,1
4992,1
4995,1
4996,1
4997,1
4998,1
4999,1
5000,1
5003,1
5004,1
5005,1
5006,3
5007,1
5008,1
5009,1
5010,1
5012,1
5013,1
5014,2
5015,1
5016,1
5017,1
5018,1
5019,1
5020,1
5021,1
5023,1
5025,1
5027,1
5028,1
5032,1
5034,1
5035,1
5036,2
5039,4
5040,2
5042,1
5044,2
5048,1
5050,1
5051,1
5052,2
5057,1
5058,3
5059,1
5060,4
5061,2
5062,1
5063,1
5064,1
5065,2
5067,1
5068,1
5069,1
5070,1
5072,2
5073,1
5074,1
5076,1
5080,1
5083,1
5084,2
5085,1
5087,1
5088,1
5089,2
5090,6
5091,1
5093,1
5095,1
5097,3
5103,1
5104,1
5105,1
5106,1
5108,1
5109,1
5111,3
5112,3
5115,2
5116,2
5120,1
5122,1
5124,1
5125,1
5126,1
5127,2
5128,2
5129,1
5130,1
5132,1
5133,8
5136,1
5137,1
5138,1
5140,1
5142,4
5144,1
5145,1
5146,1
5148,2
5151,1
5152,1
5154,1
5156,2
5157,1
5158,1
5160,1
5161,1
5162,2
5163,2
5165,1
5166,1
5167,1
5170,1
5171,1
5173,1
5174,2
5175,1
5176,1
5177,1
5179,1
5180,1
5181,1
5182,2
5184,1
5185,1
5186,1
5187,1
5188,3
5190,1
5192,1
5193,1
5194,2
5196,2
5197,1
5198,1
5199,1
5201,1
5202,1
5204,1
5205,3
5206,3
5207,2
5208,2
5209,1
5210,1
5211,1
5213,1
5214,1
5216,1
5217,2
5218,1
5220,1
5221,1
5223,3
5224,1
5225,1
5226,1
5227,1
5229,1
5230,1
5234,1
5235,1
5236,1
5238,1
5239,1
5240,1
5242,1
5243,2
5244,1
5246,2
5247,1
5248,1
5249,1
5250,1
5251,1
5252,1
5253,1
5254,4
5255,1
5256,1
5257,1
5258,1
5260,1
5262,1
5264,2
5265,1
5266,2
5268,1
5269,1
5271,1
5272,1
5273,1
5274,1
5275,1
5276,1
5277,1
5278,1
5279,1
5280,1
5281,1
5282,3
5287,1
5288,1
5290,1
5291,1
5292,1
5297,1
5298,1
5299,1
5300,1
5301,2
5303,5
5304,2
5305,1
5307,1
5310,1
5312,1
5313,1
5314,1
5315,1
5316,1
5320,2
5322,1
5323,1
5325,1
5326,1
5327,1
5330,1
5331,1
5333,1
5334,2
5337,1
5340,1
5341,1
5343,1
5344,2
5345,2
5346,1
5347,1
5348,1
5350,1
5351,1
5353,2
5354,2
5355,2
5356,1
5359,1
5360,1
5361,1
5362,1
5363,1
5365,1
5366,1
5367,3
5368,1
5372,1
5374,1
5375,2
5378,1
5379,1
5380,1
5383,1
5384,2
5385,1
5387,1
5388,1
5389,2
5390,3
5392,1
5394,1
5395,1
5396,1
5397,3
5401,1
5402,1
5404,1
5406,1
5408,2
5410,1
5411,1
5412,1
5413,1
5414,5
5415,1
5416,4
5418,1
5420,1
5421,1
5422,1
5423,2
5424,2
5425,1
5427,3
5430,1
5431,1
5434,1
5435,1
5436,1
5437,1
5438,1
5440,3
5441,1
5443,1
5445,1
5446,1
5447,2
5450,1
5451,1
5452,1
5453,1
5454,1
5455,1
5457,1
5458,1
5459,1
5462,1
5463,1
5465,3
5466,5
5467,1
5468,1
5469,1
5470,1
5471,1
5472,1
5474,1
5475,1
5476,1
5477,1
5478,1
5479,1
5480,1
5483,1
5484,1
5485,1
5487,1
5488,4
5489,2
5490,1
5491,1
5492,1
5494,1
5496,1
5497,2
5499,1
5500,1
5501,1
5504,1
5506,1
5507,1
5508,1
5509,1
5510,1
5511,2
5512,2
5514,4
5515,1
5517,1
5520,1
5521,1
5522,3
5523,1
5524,1
5526,2
5527,4
5528,1
5529,1
5530,2
5531,2
5535,3
5536,1
5537,1
5538,2
5539,1
5540,1
5541,1
5543,1
5544,1
5545,3
5546,1
5550,1
5551,1
5552,3
5555,1
5556,1
5557,1
5559,1
5560,1
5561,4
5563,1
5566,1
5568,2
5569,1
5571,1
5572,1
5573,1
5574,1
5575,2
5578,1
5580,1
5581,1
5582,1
5583,1
5585,2
5586,1
5587,1
5589,1
5591,1
5592,1
5594,1
5595,1
5596,1
5598,1
5599,1
5601,5
5602,2
5603,1
5606,2
5608,1
5609,1
5610,2
5611,2
5613,1
5614,1
5615,1
5616,1
5618,1
5619,1
5622,1
5623,1
5625,5
5626,1
5627,1
5628,1
5629,1
5631,1
5637,1
5639,1
5640,1
5642,2
5643,3
5644,1
5645,1
5646,1
5647,3
5648,2
5650,1
5651,1
5652,1
5653,1
5655,1
5659,1
5661,2
5662,2
5663,1
5667,1
5671,1
5673,1
5674,1
5677,1
5679,3
5680,1
5681,1
5684,4
5685,1
5686,2
5687,1
5688,1
5689,1
5692,1
5693,1
5695,1
5696,1
5698,2
5700,1
5701,1
5702,1
5704,1
5705,1
5706,2
5707,1
5709,1
5710,1
5711,1
5712,1
5713,1
5714,5
5716,1
5717,1
5718,1
5719,2
5721,2
5722,1
5723,1
5724,1
5725,1
5726,1
5727,1
5728,1
5729,1
5730,1
5732,1
5733,2
5735,1
5736,1
5737,2
5738,1
5739,1
5740,2
5742,1
5744,1
5746,1
5747,1
5748,1
5750,1
5751,1
5755,1
5756,8
5757,1
5758,1
5761,1
5763,2
5764,1
5765,1
5767,1
5768,2
5769,2
5771,1
5772,1
5773,1
5776,1
5777,1
5778,1
5779,1
5780,3
5781,1
5783,1
5785,1
5786,1
5788,1
5790,1
5791,1
5792,1
5793,1
5794,1
5795,1
5796,1
5799,1
5800,1
5802,1
5804,1
5806,1
5808,3
5809,2
5810,2
5811,2
5812,6
5813,1
5814,7
5816,1
5817,1
5818,1
5819,1
5820,1
5821,1
5822,1
5823,1
5824,1
5825,1
5826,1
5827,1
5828,1
5829,1
5831,1
5834,1
5835,1
5836,1
5837,1
5839,1
5840,1
5842,2
5843,1
5844,1
5846,1
5847,1
5848,1
5849,1
5852,1
5854,1
5855,2
5856,2
5857,1
5858,1
5859,1
5860,3
5861,1
5863,2
5867,1
5868,1
5869,1
5871,1
5874,1
5875,1
5876,3
5877,1
5878,1
5879,1
5880,1
5882,1
5885,8
5886,2
5887,2
5888,2
5889,1
5890,1
5891,1
5894,1
5897,1
5898,1
5900,3
5901,1
5902,1
5903,1
5905,1
5906,1
5907,1
5908,1
5909,3
5912,1
5913,1
5915,1
5916,1
5919,1
5920,1
5921,2
5922,1
5923,1
5924,1
5925,3
5927,7
5928,1
5930,3
5931,1
5933,1
5934,1
5938,2
5939,1
5941,1
5944,1
5945,3
5946,1
5947,1
5949,2
5950,1
5951,1
5952,1
5953,1
5954,1
5955,2
5956,1
5957,3
5959,2
5960,3
5963,1
5965,1
5967,3
5968,1
5969,3
5970,1
5971,1
5972,1
5973,1
5974,1
5975,1
5976,1
5977,4
5980,1
5981,3
5983,2
5984,2
5985,1
5986,1
5987,1
5988,1
5989,1
5990,1
5991,1
5992,1
5993,1
5994,1
5995,1
5998,1
5999,1
6000,2
6001,1
6003,1
6004,1
6006,2
6007,1
6008,1
6010,1
6011,1
6014,1
6015,2
6016,2
6017,2
6019,1
6020,7
6022,1
6024,1
6025,1
6026,1
6027,1
6028,5
6029,1
6030,7
6031,1
6032,3
6033,2
6034,3
6035,2
6036,3
6038,1
6039,2
6040,1
6041,1
6042,1
6043,1
6045,1
6047,1
6048,1
6049,1
6052,1
6054,1
6055,3
6058,1
6059,1
6061,1
6062,2
6064,1
6065,1
6066,3
6067,1
6068,1
6069,1
6070,1
6071,1
6073,1
6075,1
6076,1
6077,1
6080,1
6082,1
6085,1
6086,1
6087,1
6090,1
6091,2
6092,3
6094,3
6095,1
6096,3
6098,1
6099,1
6101,1
6102,1
6103,1
6105,1
6106,1
6107,1
6108,1
6109,2
6110,1
6111,5
6112,1
6115,1
6116,1
6117,1
6118,2
6120,1
6121,2
6122,1
6123,1
6124,1
6126,1
6127,1
6128,2
6130,1
6132,1
6133,1
6135,1
6136,1
6137,6
6138,1
6139,6
6141,2
6143,1
6145,1
6146,1
6148,2
6149,1
6150,1
6152,2
6153,1
6155,1
6156,1
6157,1
6158,1
6162,1
6163,1
6166,1
6167,1
6168,2
6169,1
6170,1
6171,1
6172,1
6173,1
6174,3
6175,3
6176,1
6178,1
6179,1
6180,1
6181,1
6182,1
6184,1
6186,1
6189,1
6191,4
6192,1
6194,1
6199,2
6200,3
6201,1
6205,1
6206,1
6207,3
6208,1
6211,1
6213,1
6215,2
6216,1
6218,2
6219,1
6220,1
6222,1
6223,1
6224,2
6225,1
6227,1
6228,1
6229,1
6230,1
6232,1
6234,1
6236,1
6237,1
6238,1
6239,1
6241,1
6243,1
6245,1
6246,1
6248,1
6249,1
6250,1
6251,1
6252,1
6253,2
6254,2
6256,1
6262,2
6263,2
6264,1
6265,1
6266,1
6268,1
6270,2
6271,1
6273,2
6274,1
6276,1
6277,1
6279,1
6280,1
6281,1
6282,1
6283,2
6285,2
6289,1
6290,1
6292,1
6293,1
6296,1
6297,1
6299,1
6300,1
6301,1
6302,7
6304,1
6305,2
6308,1
6309,5
6313,2
6315,1
6316,1
6317,1
6318,1
6319,1
6320,1
6321,3
6322,1
6323,2
6324,3
6325,2
6326,1
6327,1
6328,4
6330,1
6331,1
6334,7
6335,1
6338,1
6339,1
6340,2
6341,1
6343,1
6344,2
6346,2
6347,1
6348,1
6349,1
6351,1
6353,1
6354,1
6355,1
6356,1
6357,1
6360,3
6361,1
6363,7
6365,1
6366,1
6367,2
6368,1
6369,1
6370,1
6371,1
6372,4
6373,1
6374,1
6376,1
6378,1
6380,3
6381,1
6385,1
6388,1
6390,1
6394,4
6396,1
6397,1
6398,1
6399,1
6400,2
6402,5
6404,1
6405,4
6406,2
6407,1
6408,1
6409,1
6411,1
6412,1
6413,1
6414,1
6415,1
6416,1
6418,1
6419,1
6421,2
6422,4
6424,1
6428,2
6430,1
6431,3
6432,1
6433,2
6434,1
6436,1
6437,1
6439,1
6442,1
6443,7
6444,2
6446,3
6447,1
6448,1
6449,2
6450,2
6451,1
6452,3
6453,1
6454,1
6455,1
6456,1
6457,1
6458,1
6459,1
6461,1
6462,2
6463,1
6464,1
6468,4
6470,1
6471,1
6472,2
6473,1
6475,1
6477,2
6478,1
6480,1
6481,1
6482,3
6485,2
6487,1
6488,1
6489,1
6490,4
6492,1
6493,1
6494,1
6500,1
6501,1
6502,1
6503,1
6508,1
6509,1
6510,1
6511,3
6512,3
6513,1
6514,2
6517,1
6520,1
6522,1
6523,1
6525,3
6526,2
6529,1
6530,1
6531,1
6535,1
6539,1
6540,1
6541,1
6544,1
6545,1
6546,1
6547,1
6548,1
6549,2
6552,1
6553,1
6556,2
6557,1
6558,1
6560,1
6561,2
6562,1
6563,2
6565,2
6567,2
6568,1
6569,1
6570,1
6572,1
6573,1
6574,1
6578,2
6580,1
6582,1
6583,2
6585,2
6588,2
6590,2
6591,1
6592,1
6593,2
6594,1
6595,1
6598,1
6599,1
6601,1
6602,1
6603,1
6604,1
6606,1
6608,1
6609,1
6611,3
6613,1
6614,1
6616,1
6618,1
6620,1
6621,1
6622,2
6623,1
6624,1
6625,2
6626,1
6628,1
6630,1
6631,1
6633,1
6634,2
6635,2
6637,1
6638,1
6639,1
6641,2
6642,1
6643,1
6645,1
6646,1
6647,1
6649,1
6650,1
6652,1
6654,3
6655,1
6656,1
6659,1
6660,1
6662,3
6663,2
6664,1
6665,4
6667,1
6668,2
6669,1
6670,1
6671,3
6672,4
6673,1
6674,5
6675,2
6676,1
6680,1
6681,1
6683,1
6684,3
6691,1
6692,1
6693,1
6694,1
6697,1
6698,1
6699,1
6702,1
6706,2
6707,1
6708,6
6709,1
6711,1
6713,1
6718,3
6719,1
6720,1
6721,1
6722,3
6724,2
6725,1
6726,1
6727,1
6729,3
6730,1
6731,1
6734,4
6736,1
6739,1
6741,2
6742,1
6744,5
6745,1
6746,1
6747,1
6748,4
6749,1
6750,1
6751,2
6753,2
6754,1
6756,3
6757,1
6758,1
6760,1
6761,2
6762,1
6763,1
6764,2
6765,1
6766,3
6773,1
6774,3
6775,1
6776,1
6778,1
6779,4
6780,2
6782,1
6784,2
6786,1
6787,7
6788,1
6789,1
6792,1
6794,1
6796,1
6798,1
6799,1
6800,1
6801,1
6802,1
6805,1
6806,1
6808,1
6810,5
6813,1
6814,1
6816,6
6817,1
6818,1
6820,1
6821,1
6822,1
6824,1
6825,2
6826,1
6827,4
6829,3
6831,1
6832,1
6833,1
6834,1
6837,1
6839,1
6840,1
6841,1
6843,2
6844,1
6848,1
6850,3
6851,1
6853,1
6854,1
6857,1
6858,4
6859,1
6861,1
6862,2
6863,1
6864,2
6865,2
6866,2
6868,1
6869,1
6871,1
6873,1
6879,1
6880,2
6882,2
6883,1
6885,1
6887,1
6889,1
6891,1
6892,1
6893,1
6894,3
6895,1
6896,3
6898,1
6899,2
6900,1
6901,1
6902,1
6903,1
6905,3
6906,3
6907,1
6908,1
6910,1
6911,1
6912,1
6913,2
6915,1
6917,1
6918,1
6920,1
6921,6
6924,1
6925,1
6926,1
6928,2
6929,3
6930,1
6931,1
6932,1
6934,2
6937,1
6939,1
6940,1
6943,1
6944,1
6945,1
6946,1
6947,2
6949,1
6950,2
6951,2
6954,2
6957,1
6960,1
6962,1
6963,1
6964,1
6966,1
6967,1
6968,2
6970,2
6971,6
6972,1
6973,1
6976,1
6977,2
6978,1
6979,1
6980,1
6981,1
6982,1
6984,3
6985,1
6987,1
6988,2
6990,1
6991,2
6992,3
6994,2
6995,1
6996,1
6997,2
6998,1
6999,1
7001,1
7002,1
7004,1
7005,1
7006,1
7007,2
7008,1
7010,2
7011,1
7013,1
7014,1
7015,1
7016,1
7017,1
7018,1
7019,2
7020,1
7021,1
7022,2
7025,1
7026,1
7027,1
7028,2
7029,2
7031,1
7032,1
7034,1
7036,1
7037,1
7038,1
7039,1
7040,1
7041,1
7042,1
7044,1
7045,1
7047,1
7048,1
7049,1
7050,1
7051,1
7052,1
7053,1
7056,1
7057,1
7058,1
7059,1
7060,1
7061,1
7062,1
7068,1
7069,3
7071,1
7072,1
7073,1
7074,2
7077,1
7078,1
7079,1
7080,1
7082,1
7083,2
7084,1
7085,3
7086,1
7087,1
7088,1
7089,1
7090,1
7091,1
7092,1
7093,1
7094,1
7095,1
7096,3
7097,4
7098,1
7099,1
7104,2
7105,1
7106,1
7109,1
7110,1
7111,1
7113,2
7114,1
7116,1
7117,1
7118,1
7119,1
7120,1
7121,2
7126,1
7127,2
7128,3
7132,1
7133,1
7134,1
7137,1
7140,1
7142,3
7143,1
7144,1
7148,1
7149,1
7151,1
7152,2
7155,1
7156,4
7157,2
7159,1
7160,1
7161,1
7162,1
7165,1
7166,1
7167,1
7168,1
7170,1
7171,1
7173,1
7175,1
7176,3
7177,1
7179,1
7180,1
7181,1
7182,1
7184,1
7186,3
7187,1
7188,3
7189,1
7190,1
7191,1
7192,1
7193,1
7194,1
7197,1
7199,1
7200,1
7202,1
7203,1
7205,1
7206,1
7207,1
7208,2
7210,1
7214,1
7215,1
7216,1
7217,1
7218,1
7219,6
7221,1
7224,1
7225,1
7226,1
7227,1
7229,1
7230,1
7232,1
7233,1
7234,1
7235,1
7236,1
7238,1
7240,2
7242,1
7246,1
7247,1
7249,2
7250,1
7252,1
7253,1
7255,1
7256,1
7257,2
7258,1
7259,1
7260,1
7261,1
7267,2
7268,1
7270,1
7271,1
7273,1
7274,1
7276,1
7277,1
7278,1
7279,1
7280,1
7283,1
7284,1
7285,1
7289,1
7290,5
7292,1
7296,1
7297,1
7298,1
7300,1
7301,1
7302,1
7303,1
7304,1
7305,1
7306,1
7307,1
7309,1
7310,1
7311,1
7313,1
7314,1
7320,1
7321,1
7322,1
7323,1
7324,1
7326,1
7327,1
7328,1
7330,1
7331,1
7332,1
7334,1
7336,2
7337,1
7338,1
7339,1
7340,1
7341,1
7342,1
7343,1
7344,1
7346,1
7347,1
7350,1
7351,1
7353,3
7356,2
7358,1
7359,1
7360,1
7361,2
7365,1
7366,1
7367,2
7370,1
7371,1
7372,1
7374,1
7376,1
7377,1
7379,1
7385,1
7387,1
7388,1
7390,1
7391,1
7392,1
7393,1
7394,1
7395,4
7396,3
7398,1
7399,1
7401,1
7402,2
7403,1
7405,1
7406,1
7408,1
7410,1
7411,1
7416,1
7418,1
7419,2
7422,1
7425,2
7427,1
7428,1
7429,1
7430,1
7431,1
7432,1
7435,1
7436,1
7437,3
7438,1
7442,2
7444,1
7445,1
7446,1
7447,1
7448,1
7449,1
7450,1
7452,3
7453,1
7455,1
7456,1
7457,1
7458,1
7459,1
7460,1
7461,1
7462,1
7464,1
7472,1
7475,2
7477,1
7478,1
7479,1
7481,1
7483,1
7484,1
7485,1
7486,1
7487,1
7488,2
7490,1
7492,1
7494,1
7495,1
7496,1
7498,3
7499,1
7500,1
7501,1
7502,1
7503,2
7504,1
7505,3
7506,1
7507,3
7508,1
7509,1
7510,1
7512,1
7513,1
7514,1
7515,2
7517,1
7518,2
7520,1
7521,1
7522,1
7523,1
7524,2
7525,2
7527,1
7529,1
7531,2
7533,1
7534,1
7535,1
7536,1
7538,2
7542,1
7543,1
7544,1
7545,1
7549,1
7550,1
7552,1
7553,1
7559,1
7560,1
7561,1
7563,1
7565,4
7567,1
7568,1
7569,2
7572,1
7573,1
7574,1
7576,2
7577,1
7578,1
7579,1
7580,1
7583,1
7584,3
7585,4
7586,1
7588,2
7592,1
7594,1
7595,1
7596,2
7598,1
7599,1
7601,1
7604,2
7605,1
7606,1
7608,1
7609,2
7614,1
7616,1
7618,1
7620,1
7621,1
7622,1
7623,1
7624,1
7625,1
7626,1
7627,1
7628,2
7630,1
7631,1
7632,1
7633,1
7634,1
7635,1
7639,1
7640,1
7641,1
7643,2
7644,1
7646,3
7647,1
7649,1
7650,5
7652,1
7656,1
7660,1
7661,1
7665,1
7666,1
7667,1
7669,1
7670,1
7671,1
7676,1
7677,1
7678,2
7679,1
7680,1
7682,1
7683,1
7684,1
7687,1
7688,1
7689,1
7690,1
7691,1
7692,1
7693,2
7694,1
7696,2
7697,2
7698,1
7699,1
7700,1
7702,1
7703,2
7705,1
7707,1
7708,1
7709,2
7710,1
7711,1
7712,1
7713,1
7714,1
7715,1
7716,1
7717,1
7719,1
7720,1
7721,1
7723,1
7724,1
7727,1
7728,1
7729,1
7731,1
7736,1
7738,1
7739,1
7741,2
7742,2
7743,1
7744,2
7746,1
7747,1
7748,2
7749,2
7751,1
7752,1
7753,1
7754,1
7755,1
7757,2
7760,1
7761,2
7763,1
7764,1
7767,1
7768,1
7769,1
7770,2
7771,1
7773,1
7774,1
7775,1
7776,1
7777,1
7778,2
7780,1
7782,2
7783,1
7784,1
7785,1
7786,1
7787,2
7788,1
7789,1
7790,3
7791,1
7793,1
7797,1
7800,1
7801,1
7802,1
7803,2
7805,1
7806,1
7808,1
7809,2
7810,1
7812,1
7813,1
7815,1
7816,1
7818,1
7820,1
7821,1
7824,1
7828,1
7829,1
7830,4
7831,1
7832,1
7833,2
7834,1
7835,1
7837,2
7839,1
7840,1
7841,2
7842,1
7843,1
7845,1
7847,1
7848,2
7849,1
7850,1
7851,1
7852,1
7853,3
7856,1
7858,3
7859,1
7861,1
7863,1
7864,1
7865,3
7866,1
7868,1
7870,1
7871,1
7872,6
7873,2
7875,1
7877,1
7878,1
7879,1
7881,1
7882,2
7883,1
7884,1
7885,1
7886,1
7888,1
7889,1
7890,3
7891,2
7892,1
7894,1
7895,1
7897,1
7899,3
7901,1
7902,4
7903,1
7904,2
7905,3
7907,1
7908,1
7910,1
7913,1
7914,3
7916,1
7918,1
7919,1
7920,1
7922,1
7924,1
7926,1
7929,1
7930,1
7935,1
7936,3
7937,2
7939,1
7940,1
7941,1
7943,2
7944,2
7945,1
7946,1
7947,1
7949,1
7950,4
7952,2
7954,1
7955,1
7957,1
7958,1
7960,1
7962,1
7967,1
7968,1
7970,1
7972,2
7973,1
7974,2
7976,1
7981,2
7982,2
7983,1
7984,4
7985,1
7986,1
7987,1
7988,1
7989,1
7990,1
7993,2
7994,1
7995,1
7996,1
7999,1
8000,2
8003,1
8004,1
8005,3
8006,1
8007,2
8010,1
8012,3
8014,1
8015,3
8016,1
8018,1
8019,1
8020,1
8021,1
8023,2
8024,1
8025,1
8026,1
8027,2
8029,1
8030,1
8031,1
8032,2
8034,2
8035,1
8036,2
8037,1
8038,2
8042,1
8043,4
8046,1
8049,1
8050,3
8052,2
8053,1
8054,1
8055,1
8056,2
8057,2
8058,1
8059,1
8060,2
8063,1
8064,3
8066,1
8067,1
8068,1
8069,1
8071,1
8072,2
8075,1
8076,2
8077,1
8078,1
8079,1
8081,1
8082,2
8083,1
8084,1
8085,1
8086,1
8087,1
8088,2
8089,1
8091,1
8092,3
8094,1
8097,1
8098,4
8102,1
8103,1
8105,1
8106,1
8107,1
8108,1
8112,1
8115,2
8116,1
8117,3
8118,1
8119,3
8120,1
8121,1
8122,3
8123,1
8124,1
8128,1
8129,5
8130,3
8131,1
8133,1
8135,1
8136,2
8137,1
8138,1
8139,1
8140,1
8141,1
8143,1
8144,4
8147,4
8148,1
8149,1
8150,3
8152,1
8153,1
8156,1
8157,6
8158,1
8159,1
8161,1
8162,1
8164,1
8165,1
8167,1
8168,8
8171,1
8173,1
8175,1
8176,1
8177,1
8178,1
8182,1
8186,4
8189,1
8190,1
8191,1
8192,1
8194,1
8197,1
8199,1
8200,1
8202,6
8203,2
8204,2
8205,1
8207,1
8208,1
8209,1
8210,1
8211,1
8212,1
8213,1
8214,1
8216,1
8217,1
8218,1
8219,1
8220,1
8221,1
8222,2
8224,1
8225,1
8226,3
8227,1
8229,1
8231,2
8232,1
8233,2
8235,1
8237,1
8238,2
8239,1
8242,1
8243,1
8244,1
8247,1
8248,2
8251,1
8252,3
8254,1
8255,1
8257,1
8259,1
8260,3
8261,1
8264,1
8265,1
8266,1
8267,2
8268,2
8270,1
8271,1
8272,3
8273,1
8275,1
8276,2
8277,1
8279,1
8280,1
8281,1
8282,1
8287,1
8288,2
8289,1
8291,1
8292,1
8294,1
8295,1
8297,1
8298,1
8300,1
8301,1
8302,2
8303,1
8306,3
8307,2
8310,1
8313,1
8314,2
8315,1
8316,1
8317,1
8318,4
8319,1
8320,1
8321,1
8322,2
8323,1
8324,1
8326,1
8328,1
8329,1
8330,1
8332,1
8333,1
8334,1
8335,1
8336,1
8338,3
8339,2
8341,1
8342,3
8343,1
8344,3
8345,1
8346,1
8348,1
8354,2
8356,1
8360,2
8362,1
8363,2
8365,1
8366,5
8368,2
8369,2
8371,1
8373,1
8374,1
8375,1
8376,1
8377,1
8378,1
8379,1
8380,1
8381,1
8382,1
8383,7
8384,1
8386,1
8388,1
8390,1
8392,1
8393,1
8394,1
8395,1
8397,1
8398,2
8401,1
8403,1
8404,2
8405,1
8406,1
8407,1
8409,1
8410,1
8411,1
8414,1
8416,1
8418,2
8419,2
8420,1
8421,1
8423,1
8427,1
8429,1
8430,1
8431,2
8432,1
8433,1
8437,1
8438,1
8441,1
8442,1
8444,1
8447,1
8448,1
8449,2
8451,2
8452,4
8454,1
8456,1
8457,1
8458,6
8459,1
8460,1
8462,1
8463,1
8465,2
8466,1
8467,1
8468,1
8469,1
8470,1
8471,1
8472,1
8474,1
8475,2
8476,1
8477,1
8479,1
8480,2
8481,1
8482,1
8483,1
8486,1
8487,1
8489,1
8491,1
8492,1
8493,1
8494,1
8495,1
8500,1
8502,1
8503,3
8504,2
8506,1
8508,3
8509,1
8511,1
8512,1
8514,1
8516,1
8521,1
8522,1
8523,1
8524,1
8528,1
8530,1
8535,1
8536,1
8537,3
8539,1
8540,1
8541,2
8542,1
8544,1
8545,1
8548,1
8549,1
8551,1
8552,2
8554,1
8556,2
8557,2
8559,3
8560,1
8561,1
8566,1
8569,1
8570,1
8571,1
8572,1
8573,2
8574,5
8577,1
8580,1
8581,2
8584,1
8585,1
8586,1
8587,1
8588,1
8589,1
8592,1
8594,1
8595,1
8596,2
8597,1
8598,3
8599,1
8602,3
8603,1
8604,2
8605,5
8606,3
8607,1
8609,1
8610,1
8611,1
8612,1
8613,1
8614,1
8615,2
8616,2
8617,1
8618,2
8619,1
8620,1
8623,1
8624,2
8626,1
8628,1
8629,1
8631,1
8633,1
8634,1
8635,1
8636,1
8637,3
8638,3
8639,2
8640,1
8641,3
8642,1
8643,1
8644,2
8645,1
8646,4
8650,1
8653,1
8654,1
8656,3
8657,1
8658,2
8659,1
8661,1
8663,2
8664,1
8667,1
8668,3
8669,3
8670,1
8671,1
8672,1
8673,1
8674,1
8675,1
8680,1
8681,3
8683,1
8684,1
8685,1
8687,1
8688,1
8691,1
8693,1
8694,3
8695,1
8696,1
8700,1
8701,1
8703,1
8704,2
8708,1
8709,1
8710,1
8712,1
8714,1
8716,1
8717,1
8719,3
8720,1
8721,1
8722,2
8723,1
8727,1
8728,8
8729,2
8732,1
8733,1
8734,1
8735,1
8736,2
8741,3
8743,1
8744,1
8749,1
8750,1
8751,1
8752,1
8753,3
8754,1
8755,1
8757,1
8759,2
8760,1
8762,1
8764,1
8766,1
8769,1
8770,7
8771,1
8772,2
8773,1
8774,1
8776,1
8779,1
8780,1
8781,1
8782,1
8783,2
8785,2
8786,1
8787,1
8789,2
8790,1
8791,1
8794,1
8796,8
8797,1
8798,1
8799,1
8801,1
8802,1
8805,1
8806,1
8807,1
8808,1
8809,1
8811,1
8812,1
8813,1
8815,1
8816,5
8817,1
8818,1
8819,1
8820,1
8821,1
8822,1
8823,1
8824,1
8825,1
8826,3
8827,1
8828,1
8830,2
8831,1
8833,1
8834,1
8835,1
8836,2
8838,1
8840,1
8841,1
8842,1
8843,1
8844,1
8845,2
8848,1
8849,1
8850,1
8852,2
8853,1
8854,1
8856,1
8858,1
8860,4
8861,1
8862,5
8863,1
8864,1
8865,1
8867,2
8868,1
8869,1
8871,2
8872,1
8874,1
8876,1
8878,1
8880,1
8881,1
8883,1
8884,1
8885,1
8886,3
8889,1
8890,1
8891,2
8892,1
8894,1
8896,1
8897,1
8899,1
8900,1
8901,1
8902,1
8903,1
8904,1
8905,1
8906,1
8907,1
8910,1
8918,1
8919,1
8920,1
8922,1
8923,1
8926,1
8928,1
8930,1
8932,1
8937,1
8938,2
8939,1
8940,1
8941,3
8942,1
8944,3
8945,2
8947,1
8948,2
8954,1
8955,1
8956,8
8959,1
8961,5
8964,3
8966,1
8967,1
8968,1
8969,1
8970,1
8972,1
8973,1
8975,2
8976,1
8977,1
8978,1
8981,1
8982,1
8983,1
8985,1
8986,2
8987,1
8988,8
8989,4
8992,1
8993,1
8996,1
8997,2
8998,2
8999,1
9001,1
9003,1
9004,1
9006,1
9007,1
9008,2
9009,1
9010,1
9011,1
9012,1
9013,3
9014,1
9015,1
9018,1
9019,1
9020,1
9021,2
9023,1
9024,1
9026,1
9028,1
9029,1
9030,2
9031,1
9032,1
9034,5
9035,1
9036,1
9037,1
9038,1
9041,1
9042,1
9043,1
9046,2
9048,1
9049,1
9052,2
9057,2
9059,1
9060,1
9061,1
9064,1
9066,1
9068,1
9069,5
9071,1
9072,3
9073,2
9074,6
9075,1
9076,1
9077,2
9078,1
9079,1
9080,1
9081,8
9084,1
9085,3
9089,1
9094,2
9097,1
9098,1
9099,1
9101,1
9103,1
9104,1
9106,1
9107,1
9108,2
9110,1
9111,1
9112,1
9114,1
9115,1
9116,1
9118,2
9119,1
9120,1
9122,1
9124,1
9125,2
9126,1
9127,1
9128,2
9129,1
9130,1
9131,2
9132,2
9134,1
9136,1
9137,1
9139,1
9140,1
9141,1
9142,1
9144,1
9145,1
9148,1
9149,2
9150,1
9151,1
9152,1
9156,1
9157,7
9158,1
9159,1
9160,1
9161,2
9163,1
9164,1
9165,1
9167,1
9168,2
9169,1
9170,1
9172,1
9173,1
9174,1
9175,1
9176,1
9178,1
9179,4
9180,1
9181,1
9183,1
9184,1
9185,1
9186,1
9188,1
9189,1
9190,1
9192,1
9193,1
9194,2
9195,2
9196,3
9197,4
9199,1
9201,1
9202,1
9203,1
9205,3
9208,2
9211,1
9213,1
9217,1
9218,1
9219,2
9220,3
9221,1
9222,1
9224,1
9225,1
9226,1
9227,5
9230,1
9231,3
9233,1
9234,1
9235,1
9237,1
9239,1
9241,1
9242,1
9244,1
9246,1
9247,1
9248,1
9250,1
9251,1
9252,2
9253,1
9254,1
9256,1
9257,1
9259,1
9261,1
9264,1
9267,2
9268,1
9270,1
9272,2
9274,1
9275,3
9276,1
9278,1
9279,1
9280,2
